time, RO
0, 0
1000, 6.361215
2000, 6.361215
3000, 6.361215
4000, 6.361215
5000, 6.361215
