time, RO
0, 0
1000, 3.069430
2000, 3.069430
3000, 3.069430
4000, 3.069430
5000, 3.069430
