time, RO
0, 0
1000, 0.002485
2000, 0.002485
3000, 0.002485
4000, 0.002485
5000, 0.002485
