time, RO
0, 0
1000, 18.350500
2000, 18.350500
3000, 18.350500
4000, 18.350500
5000, 18.350500
