time, RO
0, 0
1000, 13.463835
2000, 13.463835
3000, 13.463835
4000, 13.463835
5000, 13.463835
