time, RO
0, 0
1000, 0.360815
2000, 0.360815
3000, 0.360815
4000, 0.360815
5000, 0.360815
