time, RO
0, 0
1000, 0.082705
2000, 0.082705
3000, 0.082705
4000, 0.082705
5000, 0.082705
