time, RO
0, 0
1000, 26.368300
2000, 26.368300
3000, 26.368300
4000, 26.368300
5000, 26.368300
