time, RO
0, 0
1000, 29.366050
2000, 29.366050
3000, 29.366050
4000, 29.366050
5000, 29.366050
