time, RO
0, 0
1000, 0.077350
2000, 0.077350
3000, 0.077350
4000, 0.077350
5000, 0.077350
