time, RO
0, 0
1000, 33.872650
2000, 33.872650
3000, 33.872650
4000, 33.872650
5000, 33.872650
