time, RO
0, 0
1000, 34.460300
2000, 34.460300
3000, 34.460300
4000, 34.460300
5000, 34.460300
