time, RO
0, 0
1000, 31.737300
2000, 31.737300
3000, 31.737300
4000, 31.737300
5000, 31.737300
