time, RO
0, 0
1000, 27.688150
2000, 27.688150
3000, 27.688150
4000, 27.688150
5000, 27.688150
