time, RO
0, 0
1000, 32.178300
2000, 32.178300
3000, 32.178300
4000, 32.178300
5000, 32.178300
