time, RO
0, 0
1000, 8.277150
2000, 8.277150
3000, 8.277150
4000, 8.277150
5000, 8.277150
