time, RO
0, 0
1000, 33.271350
2000, 33.271350
3000, 33.271350
4000, 33.271350
5000, 33.271350
