time, RO
0, 0
1000, 6.972350
2000, 6.972350
3000, 6.972350
4000, 6.972350
5000, 6.972350
