time, RO
0, 0
1000, 0.039200
2000, 0.039200
3000, 0.039200
4000, 0.039200
5000, 0.039200
