time, RO
0, 0
1000, 34.082650
2000, 34.082650
3000, 34.082650
4000, 34.082650
5000, 34.082650
