time, RO
0, 0
1000, 31.310650
2000, 31.310650
3000, 31.310650
4000, 31.310650
5000, 31.310650
