time, RO
0, 0
1000, 30.855300
2000, 30.855300
3000, 30.855300
4000, 30.855300
5000, 30.855300
