time, RO
0, 0
1000, 1.880900
2000, 1.880900
3000, 1.880900
4000, 1.880900
5000, 1.880900
