time, RO
0, 0
1000, 22.344700
2000, 22.344700
3000, 22.344700
4000, 22.344700
5000, 22.344700
