time, RO
0, 0
1000, 1.307600
2000, 1.307600
3000, 1.307600
4000, 1.307600
5000, 1.307600
