time, RO
0, 0
1000, 18.025350
2000, 18.025350
3000, 18.025350
4000, 18.025350
5000, 18.025350
