time, RO
0, 0
1000, 0.130200
2000, 0.130200
3000, 0.130200
4000, 0.130200
5000, 0.130200
