time, RO
0, 0
1000, 17.739050
2000, 17.739050
3000, 17.739050
4000, 17.739050
5000, 17.739050
