time, RO
0, 0
1000, 0.063350
2000, 0.063350
3000, 0.063350
4000, 0.063350
5000, 0.063350
