time, RO
0, 0
1000, 29.277150
2000, 29.277150
3000, 29.277150
4000, 29.277150
5000, 29.277150
