time, RO
0, 0
1000, 0.073150
2000, 0.073150
3000, 0.073150
4000, 0.073150
5000, 0.073150
