time, RO
0, 0
1000, 32.630850
2000, 32.630850
3000, 32.630850
4000, 32.630850
5000, 32.630850
