time, RO
0, 0
1000, 8.357300
2000, 8.357300
3000, 8.357300
4000, 8.357300
5000, 8.357300
