time, RO
0, 0
1000, 0.690200
2000, 0.690200
3000, 0.690200
4000, 0.690200
5000, 0.690200
