time, RO
0, 0
1000, 5.906600
2000, 5.906600
3000, 5.906600
4000, 5.906600
5000, 5.906600
