time, RO
0, 0
1000, 23.951550
2000, 23.951550
3000, 23.951550
4000, 23.951550
5000, 23.951550
