time, RO
0, 0
1000, 2.076550
2000, 2.076550
3000, 2.076550
4000, 2.076550
5000, 2.076550
