time, RO
0, 0
1000, 26.666500
2000, 26.666500
3000, 26.666500
4000, 26.666500
5000, 26.666500
