time, RO
0, 0
1000, 17.677100
2000, 17.677100
3000, 17.677100
4000, 17.677100
5000, 17.677100
