time, RO
0, 0
1000, 25.059650
2000, 25.059650
3000, 25.059650
4000, 25.059650
5000, 25.059650
