time, RO
0, 0
1000, 0.249900
2000, 0.249900
3000, 0.249900
4000, 0.249900
5000, 0.249900
