time, RO
0, 0
1000, 1.155000
2000, 1.155000
3000, 1.155000
4000, 1.155000
5000, 1.155000
