time, RO
0, 0
1000, 0.700000
2000, 0.700000
3000, 0.700000
4000, 0.700000
5000, 0.700000
