time, RO
0, 0
1000, 8.750000
2000, 8.750000
3000, 8.750000
4000, 8.750000
5000, 8.750000
