time, RO
0, 0
1000, 6.020000
2000, 6.020000
3000, 6.020000
4000, 6.020000
5000, 6.020000
