time, RO
0, 0
1000, 5.880000
2000, 5.880000
3000, 5.880000
4000, 5.880000
5000, 5.880000
