time, RO
0, 0
1000, 0.560000
2000, 0.560000
3000, 0.560000
4000, 0.560000
5000, 0.560000
