time, RO
0, 0
1000, 0.199850
2000, 0.199850
3000, 0.199850
4000, 0.199850
5000, 0.199850
