time, RO
0, 0
1000, 7.960050
2000, 7.960050
3000, 7.960050
4000, 7.960050
5000, 7.960050
