time, RO
0, 0
1000, 10.291400
2000, 10.291400
3000, 10.291400
4000, 10.291400
5000, 10.291400
