time, RO
0, 0
1000, 3.963750
2000, 3.963750
3000, 3.963750
4000, 3.963750
5000, 3.963750
