time, RO
0, 0
1000, 33.225150
2000, 33.225150
3000, 33.225150
4000, 33.225150
5000, 33.225150
