time, RO
0, 0
1000, 1.786750
2000, 1.786750
3000, 1.786750
4000, 1.786750
5000, 1.786750
