time, RO
0, 0
1000, 21.236950
2000, 21.236950
3000, 21.236950
4000, 21.236950
5000, 21.236950
