time, RO
0, 0
1000, 28.018550
2000, 28.018550
3000, 28.018550
4000, 28.018550
5000, 28.018550
