time, RO
0, 0
1000, 0.140350
2000, 0.140350
3000, 0.140350
4000, 0.140350
5000, 0.140350
