time, RO
0, 0
1000, 3.155950
2000, 3.155950
3000, 3.155950
4000, 3.155950
5000, 3.155950
