time, RO
0, 0
1000, 33.752950
2000, 33.752950
3000, 33.752950
4000, 33.752950
5000, 33.752950
