time, RO
0, 0
1000, 33.734750
2000, 33.734750
3000, 33.734750
4000, 33.734750
5000, 33.734750
