time, RO
0, 0
1000, 12.135200
2000, 12.135200
3000, 12.135200
4000, 12.135200
5000, 12.135200
