time, RO
0, 0
1000, 31.860850
2000, 31.860850
3000, 31.860850
4000, 31.860850
5000, 31.860850
