time, RO
0, 0
1000, 33.876850
2000, 33.876850
3000, 33.876850
4000, 33.876850
5000, 33.876850
