time, RO
0, 0
1000, 26.262600
2000, 26.262600
3000, 26.262600
4000, 26.262600
5000, 26.262600
