time, RO
0, 0
1000, 4.987500
2000, 4.987500
3000, 4.987500
4000, 4.987500
5000, 4.987500
