time, RO
0, 0
1000, 5.065900
2000, 5.065900
3000, 5.065900
4000, 5.065900
5000, 5.065900
