time, RO
0, 0
1000, 13.961850
2000, 13.961850
3000, 13.961850
4000, 13.961850
5000, 13.961850
