time, RO
0, 0
1000, 14.459550
2000, 14.459550
3000, 14.459550
4000, 14.459550
5000, 14.459550
