time, RO
0, 0
1000, 23.501100
2000, 23.501100
3000, 23.501100
4000, 23.501100
5000, 23.501100
