time, RO
0, 0
1000, 26.732650
2000, 26.732650
3000, 26.732650
4000, 26.732650
5000, 26.732650
