time, RO
0, 0
1000, 33.511100
2000, 33.511100
3000, 33.511100
4000, 33.511100
5000, 33.511100
