time, RO
0, 0
1000, 2.321900
2000, 2.321900
3000, 2.321900
4000, 2.321900
5000, 2.321900
