time, RO
0, 0
1000, 29.547000
2000, 29.547000
3000, 29.547000
4000, 29.547000
5000, 29.547000
