time, RO
0, 0
1000, 24.797150
2000, 24.797150
3000, 24.797150
4000, 24.797150
5000, 24.797150
