time, RO
0, 0
1000, 22.697150
2000, 22.697150
3000, 22.697150
4000, 22.697150
5000, 22.697150
