time, RO
0, 0
1000, 30.661400
2000, 30.661400
3000, 30.661400
4000, 30.661400
5000, 30.661400
