time, RO
0, 0
1000, 27.087200
2000, 27.087200
3000, 27.087200
4000, 27.087200
5000, 27.087200
