time, RO
0, 0
1000, 14.822150
2000, 14.822150
3000, 14.822150
4000, 14.822150
5000, 14.822150
