time, RO
0, 0
1000, 19.847800
2000, 19.847800
3000, 19.847800
4000, 19.847800
5000, 19.847800
