time, RO
0, 0
1000, 27.073200
2000, 27.073200
3000, 27.073200
4000, 27.073200
5000, 27.073200
