time, RO
0, 0
1000, 2.221100
2000, 2.221100
3000, 2.221100
4000, 2.221100
5000, 2.221100
