time, RO
0, 0
1000, 0.029050
2000, 0.029050
3000, 0.029050
4000, 0.029050
5000, 0.029050
