time, RO
0, 0
1000, 3.246250
2000, 3.246250
3000, 3.246250
4000, 3.246250
5000, 3.246250
