time, RO
0, 0
1000, 32.805850
2000, 32.805850
3000, 32.805850
4000, 32.805850
5000, 32.805850
