time, RO
0, 0
1000, 33.794950
2000, 33.794950
3000, 33.794950
4000, 33.794950
5000, 33.794950
