time, RO
0, 0
1000, 2.944200
2000, 2.944200
3000, 2.944200
4000, 2.944200
5000, 2.944200
