time, RO
0, 0
1000, 23.276050
2000, 23.276050
3000, 23.276050
4000, 23.276050
5000, 23.276050
