time, RO
0, 0
1000, 28.624050
2000, 28.624050
3000, 28.624050
4000, 28.624050
5000, 28.624050
