time, RO
0, 0
1000, 0.506800
2000, 0.506800
3000, 0.506800
4000, 0.506800
5000, 0.506800
