time, RO
0, 0
1000, 25.174800
2000, 25.174800
3000, 25.174800
4000, 25.174800
5000, 25.174800
