time, RO
0, 0
1000, 33.127500
2000, 33.127500
3000, 33.127500
4000, 33.127500
5000, 33.127500
