time, RO
0, 0
1000, 3.708600
2000, 3.708600
3000, 3.708600
4000, 3.708600
5000, 3.708600
