time, RO
0, 0
1000, 1.116850
2000, 1.116850
3000, 1.116850
4000, 1.116850
5000, 1.116850
