time, RO
0, 0
1000, 31.599400
2000, 31.599400
3000, 31.599400
4000, 31.599400
5000, 31.599400
