time, RO
0, 0
1000, 3.678150
2000, 3.678150
3000, 3.678150
4000, 3.678150
5000, 3.678150
